,teks,label
0,promo beli paket flash gb my telkomsel app extra kuota gb lte extra telpon mnthr buru cek tselmemytsel sk,2
1,gb rupiah ribu spesial pilih aktif promo sd november buru aktif sk,2
2,pulang hormat sisa kuota flash kb download mytelkomsel apps cek kuotabeli paket flash hubung,2
3,pulang hormat sisa kuota flash kb download mytelkomsel apps cek kuotabeli paket flash hubung,2
4,gb rupiah ribu spesial pilih aktif buru skb,2
5,ekstra pulsa rb beli paket internet bulan mytelkomsel beli sjk augsept cek detail promo tselmemytsel,2
6,iring tarif rupiah panjang rupiah hits armada curi hati tekan okcall informasi,2
7,eks loh internetan pakai volume ultima mbhr harga rupiah rb tariflokasi cek tselmefl,2
8,aktif iring coboy jr hebat tekan informasi hits baru noah engkau aktif iring nya hp ketik mg noah kirim informasi berkah iring rupiah yuni shara aktif iring nya tkn okcall raih thr puluhanjt henti unreg,2
9,ambil bonus hari bebas pulsa dptkan gratis telpon internetan promo sesuai hobi,2
10,henti langgan paket flash ketik flashspasiya tuju tunggu sms konfirmasi nonaktif paket,2
11,langgan paket rupiah mbak mbak ghari tuju balas flashspasiya kirim lanjut paket panjang aktif tarif sesuai lokasi tunggu sms konfirmasi pakai informasi zona detail tarif lihat tselmeinternet,2
12,beli paket gampang internetan rupiah chatting puas bbm whatsapp line harijika tuju balas flashspasiya kirim melanjutkantunggu sms konfirmasi pemakaianinfo detail tariff lihat tselmeinternet,2
13,terima setting ponsel ponsel akses internet kirim fotomms tuju balas pesan gratis ketik y,2
14,aktif paket bbm gratis laku kali aktivasi ketik flash spasi ya lanjut,2
15,kupon program kartu as biber beli internet hadiah cek total kupon maksimal x jam informasi lengkap hubung,2
16,nikmat paket reguler sisa kuota kbdapatkan agam paket internet hemat tri,2
17,daftar layan paket malam langgan laku isi ulang voucher kenyang download,2
18,tukar poin poin tukar poin menang hadih gb menang tukar poin tinggi sd november,2
19,angpaopoinsenyum dptkan vchr lottemart rb tukar poin normal poin sd feb ketik batas informasi,2
20,nya eks internetan pakai volume ultima mbhr harga rupiah rb tariflokasi cek tselmefl,2
21,ayam sayappaha nasi perkedel rupiah gratis teh pucuk tukar sms cfc hasan sadikin sedia promo,2
22,ayo anak medan beli stiker line pulsa klik nama stickernya dan medan,2
23,ayo download axisnet appleplay store aktif bronetjam gb rupiah bronetjam gb obor gb rupiah informasi ld,2
24,ayo download axisnet playapple store aktif bronetjam gb rupiah bronetjam gb obor gb rupiah informasi ld,2
25,ayo dukung lestari alam indonesia indosat ooredoo wwfindonesia donasi nomor indosat ooredoo,2
26,ayo kawal manfaat subsidi bbm kompensasi hak adu ketik bbm spasi isi pesan kirim,2
27,banting harga internetan kuota gb rb rupiah paket laku bulan ketik ya sd desember,2
28,bebas ekspresi diri paket freedom combo indosat ooredoo hubung,2
29,bebas pulsa ambil bonus gratis dptkan gratis telpon internetas promo sesuai hobi,2
30,beli gratis lychee tea latte flavour yellow truck jlpatuha nomor tukar sms laku sk berlakupromo,2
31,beli gratis beli diskon tiket kampung gajah wonderland bandung sd mei tunjuk sms tugas informasi,2
32,beli gratis donut dunkin donuts borma setiabudhi tukar sms laku sedia promo,2
33,beli paket turbo rb beli mytelkomsel app sjk aug september extra pulsa tsel rupiah rb loh cek detail paket tselmemytsel,2
34,internetan gb rb paket laku ketik ya tawar laku sd januari,2
35,bonus kuota mbak isi ulang min ayo buru isi pulsa t,2
36,bonus pulsa rb ayo isi pulsa min rb dapetkan bonus pulsa rb telpon nomor tri ayo buru isi pulsa t,2
37,bonus pulsa indosat ooredoo ketik telepon hp april,2
38,bonus pulsa rb isi ulang rb indosat tawar laku sd april bonus x indosat ooredoo,2
39,bonus pulsa rupiah rb spesial langgan setia indosat ooredohanya isi ulang rprb tawar laku sd jan bonus x,2
40,bonus rupiah kirim sms x bonus khusus t,2
41,bonus rupiah telepon teman menit bonus khusus a,2
42,bukti hemat pakai argo bandung grabcar hayu aja rencang bareng buktikeun nyalira,2
43,buru download registrasi mycare dapat promo gb paket freedoom m l harga khusus,2
44,butuh piknikada nih libur gratis hongkongcarapake pulsa axis hp androidmu transaksi banyak items pokemon gobigococ dllinfo ld,2
45,buy get tiket trans studio bandungmulai meijuni tunjuk sms tugas lokasi informasi,2
46,rupiah telpon sms unlimited indosat ooredoo internetan puas paket ramadhan unlimited ketik,2
47,dapat bonus pulsa hg rb isi ulang minggu isi ulang rb gratis kirim pandu ketik pan kirim cek bonus tekan,2
48,dapat bonus sms kirim sms bonus ratus sms operator pakai indosat ooredoo raih bebas komunikasi,2
49,dapat disc mcdonalds khusus bayar tcash tapdptkan stiker tcash tap grapari dekat informasi tselmetappromo,2
50,dapat disc dominos pan pizzaroti tebal keju pinggirmulai rpkunjungi toko terdekattelf klik panpizzacoid,2
51,dapat extra kuota gb lte extra telpon mnthr beli paket flash gb my telkomsel app buru cek tselmemytsel sk,2
52,dapat gratis cappuccino hotice freza transaksi min rprb excelso cafe semarang yogya solo sd agust tunjuk sms tugas,2
53,dapat gratis wendys crispy chicken sandwich minimal beli rupiah tukar sms wendys dekat sedia batas promo,2
54,dapat saldo main rupiah rb bayar rupiah rb laku seninkamis tukar sms timezone dekat promo,2
55,dapat voucher cipika rupiah rb belanja kuliner gadget fashion lain tkn pilih cipika gratis batas informasi,2
56,dear customer kindly values your experience at telkomsel servis score very poor excellent kirim sms free intl charged,2
57,disc dominos pizza value range sd agustuskunjungi store terdekathubungi visit kodevrd,2
58,diskon ribu khusus langgan grab bandung laku x kode promo urangbandung repot jalan macet susah parkir hayu ngegrab we atuh,2
59,diskon kuota telpon menit operator rprb normal rprb aktif balas sms ketik tri v,2
60,diskon kacamata lengkap bonus kacamata hitam tunjuk sms jalan gatot soebroto t sampk berlakupromo,2
61,dominos pan pizzarotinya tebal keju pinggir nikmat disc rpkunjungi toko terdekattelf klik panpizzacoid,2
62,double kuota internet plus unlimited telepon sms paket freedom combo indosat ooredoo hubung,2
63,download rasa seru gamegame premium pilih,2
64,dptkn free member card larissa aesthetic center disc high treatment asuransi jiwa isi ulang pulsa rupiah rb galeri indosat jawa diy sd des,2
65,dptkn sempat raih hadiah utama mobil alphard tukar poin senyum kupon undi sd tanggal junketik undi poin rupiah,2
66,dukung rehabilitasi kembang potensi anak butuh khusus ypac jakarta mari bagi sms donasi etik,2
67,flash promo sd agt ayo datang gallery smartfren dekat diskon rb tukar hp smartfrenmu andromax lte tukar mifi lte,2
68,free doublescoop ice cream disc haagendasz tcash tap sk laku informasi tselmetappromo,2
69,gratis gb ganti kartu sim sim tukar gerai indosatooredoo dekat nikmat gratis gb jaring,2
70,gratis telpon mana operator beli internet hari mbak harga rupiah balas sms ketik js beli n,2
71,gratis whatsapp hari beli internet hari mbak harga rupiah balas sms ketik jr beli n,2
72,grab nikmat diskon x guna masuk kode cobagrabcar ajak temantemanmu keliling bandung tanp,2
73,grabcar grabtaxi dapat diskon ribu stasiunbandara bandung masuk kode promo grabtravel pakai september hatur nuhun,2
74,tcash bayar tagih listrik beli token listrik hubung pilih menu bayar beli,2
75,hai kabar bonus riah isi pulsa minimun rupiah ribu sd november langsung dapat mbak gratis ayo isi pulsa bonus rla,2
76,hallo bro beli koin games pakai pulsa yuk mudah banget loh sob cek,2
77,hallo urang mang ado stiker rancak group line urang kampuang mang guy beli pakai pulsa telkomsel,2
78,freedom combo xl rupiah rb normal rupiah rb gb musik streaming pakai kuota unlimited nelpsms daftar,2
79,ribu langsung mbak balas sms ketik ya buru beli sekrang tlb,2
80,freedom combo xl rprb normal rprb double kuota gbgbg promo gbg unlimited telpon sms indosat ooredoo ketik freedom xl,2
81,bronet jam gb rupiah bronetspecial gb gb jamgb rupiah aktif paket informasi ld,2
82,bronet special gb gb jamgb rupiah bronet jam gb rupiah ayo aktif paket informasi ld,2
83,rabu blanja blanjacom nikmat diskon spesial transaksi tcash sk laku klik bljcotcashrabu,2
84,senin nonton hemat ribu cema xxi tcash tap dptkan stiker tcash tap grapari dekat informasi tselmetappromo,2
85,kunjung galeri smartfren andromax a rb nrml rb tunggu lagistok terbatassd agtskinfodlj,2
86,hayu mumpung ustad fatih karimbeliau islam ustad felix siaw,2
87,hi ayo coba grab mesan taxi cepat aman klik,2
88,hot promo dptkan extra pulsa tsel rb beli paket internet kali my telkomsel app sjk agsts september cek detail paket tselmemytsel,2
89,hot promo internetan kuota gbhr rupiah ribu beli promo sd juni sk,2
90,im spreading the gojek love download the gojek app at and input this referral code get rupiah free credit your first booking gojekgotmehere,2
91,ikut jobfairactive ujiklyakankerjaberstifikat plasatelkommlg feb dptkan platihan intrviewrekom kerja ribu ph informasi,2
92,internetan puas butuh kuota paket sumo gb jaring beli informasi d,2
93,isi saldo tcashmu jaring atm atm bca laku transfer bank pilih bank tcash kode bank nomor hp nomor rekening tuju,2
94,isi ulang kuota gb hasil kuota nikmat bonus telpon tri rprb cek bonus bimatri,2
95,isi ulang rupiah hasil kode transaksi cek promo rabu rawit jumat langgan axis,2
96,jalan ibadah haji nyaman ganti kartu lokalnikmati gratis menithr trima telepon indosatooredoointernet unlimited rprbhariinfo pai,2
97,kejar diskon lari beli rawit diskon sendiriayo isi ulang kartu axis sekarangdan pasti besok ikut promo rabu rawitinfold,2
98,lupa kirim sms sd juni gratis sms sesame indosat laku x periode prog informasi us,2
99,kalah bro games mu bantu tambah koin beli pakai pulsa cek,2
100,habis baskin robbins value scoop lho tunjuk sms sk laku promo,2
101,jumat promo bronet jam gb rupiah bronet gb jam gb gb rupiah aktif paket infold,2
102,beli paket flash gb mytelkomsel extra pulsa rupiah rb beli sjk aug september cek detail paket tselmemytsel,2
103,langgan setia tukar hp smartfrenmu andromax e lte rbnrml rb galeri smartfren,2
104,kartu glte aktif dapat kuota tambah sd gbkonten tarik jaring hubung informasi lokasi,2
105,sempat langka loh dapat gb rupiah balas sms ketik y sd november bonus laku tld,2
106,ketik flashspasiinfo kirim status paket loopers dptkan informasi tren anak muda challenge beli paket loopcoid followloop id,2
107,ketik ya sd maret rprb perbln lgs dptkan gbgbonus gbg internetan telepon sms puas nomor,2
108,khusus doyan internetan rb k internetan slm minggu kuota gb buru ketik oke pnwrn sd khusus nomor,2
109,khusus paket internet ribu kuota gb laku jam jaring cepat indosat balas sms ketik ya sd mei,2
110,kocak habis lihat aksi pemuda galau iseng gokil kepung polisi super cantik tonton komik via hp cmn ketik film,2
111,koin tinggal lanjutin gamesmu beli pakai pulsa bro cek,2
112,kuota internet habis isi kuota akses aplikasi bimatri gadget informasi,2
113,hemat langgan paket data minggu rupiah gampang ketik kuotaspasik kirim sms,2
114,hemat langgan paket internet minggu kuota mbak rupiah gampang ketik kuota spasi k,2
115,line lets get rich seru koin pulsa mudah banget google play,2
116,loopers pakettelkomselflash rupiah mbak tambah mbak gbberlaku aktif paket otomatis panjang aktif langgan paket,2
117,maaf milik bonus kuota dapat bonus kuota gb toko dekat laku jawa timur bal lombok,2
118,main games mu beli koin pakai pulsa cek,2
119,main gamesmu beli banyak appsinapps google play store,2
120,warung kopi dki dapat nsp nya gratis akses dapat promo gratis sesuai hobi,2
121,bonus keren indosat ooredoo ketik hp,2
122,bonus pulsa indosat ooredoo ketik telepon hp mei,2
123,cepat ribet cek pulsa sisa kuota internetmu yuk download aplikasi mycare akses,2
124,cepat gift paketextra kuota internet ribet isi ulang pulsa download aplikasi mycare smuanya mudah install,2
125,download file putus tinggal gatis mifimodem spesial untuk bawa sms galeri sf isi pulsa rb sana sd jan,2
126,ekstra telepon sms internetan sk laku ikut surveu singkat aplikasi musik sd september klik,2
127,internetan kuota harga murah buru cek tawar khusus nomor laku juli,2
128,jajan kemanamana sob jajan suka nge games cek,2
129,paket data gb bulan ribu buru ketik tawar laku sd jul,2
130,paket data ribu buru cek tawar laku juli,2
131,pergi hati nya aliando hp ambil nsp gratis nya akses dapat promo gratis sesuai hobi,2
132,merdeka hot sale kuota gb harirprb rprb tawar batas cek d,2
133,migrasi kartu kartuhalo nomor dapat paket spesial gb rbbulan kunjung grapari tunjuk sms inipromo terbatasskb,2
134,murah seru banget main gamesmu pakai pulsa beli koin cek,2
135,murah rprb dptkan gb paket internetan internetan seru aktif promo sd feb,2
136,hemat grab laku jalan grabcar grabtaxi otomatis diskon jalan nikmat diskon tahap ributrip ayo coba bukti,2
137,nasabah hormat rekening btpn wow aktif laku transaksi pin rahasia informasi hubung,2
138,telpon murah rupiah panggil mall sin thailand hk china usa tekan kode negarano tuju informasi,2
139,nikmat combo wendys fried chicken nasi minum rupiah periode junitukarkan sms wendys dekat sedia terbataspromo,2
140,nikmat disc dominos pizza premium big pesta weekendharga rprbberlaku dine intake away sd maykunjungi store terdekathubungi,2
141,nikmat diskon bakmi gm tcash tap sk laku informasi tselmetappromo,2
142,nikmat diskon tarif sli negara sd wib sd agustus informasi lengkap ketik,2
143,nikmat diskon tarif indosat negara chn mlahkgsngtwnvtmmacau laku feb informasi hubung ok,2
144,nikmat double internetan jaring data kuat gb gb tlpsms puas paket freedom combo daftar,2
145,nikmat double kuota promo gbg jaring data kuat unlimited nelpsms jam paket freedom combo tekan indosatooredoocomfreedom,2
146,nikmat ekstra pulsa isi ulang min rb aplikasi mytelkomsel tcash download promo sd agst,2
147,nikmat ekstra pulsa isi ulang min rb aplikasi mytelkomsel kartu kredit visa download promo sd agst,2
148,nikmat extra gb lte extra kuota gb midnight beli paket flash gbhr rupiah rb cek tarif tselmefl skb,2
149,nikmat extra gb lte extra voucher belanja rb beli paket flash gbhr rupiah rb cek tarif tselmefl skb,2
150,nikmat indosat super internetan ckp rbminggu kuota mbmbbonus mbak jam cepat hggmbpstekan syarat laku hubung,2
151,nikmat mudah bayar iur bpjs tcash hubung pilih menu bayar app twallet smartphone android iphone,2
152,nikmat telpon sms unlimited indosat ooredoo internetan puas paket freedom mini ketik,2
153,nikmat telpon sms unlimited indosat ooredoo internetan puas paket ramadhan unlimited ketik,2
154,nomor isi nomor sn,2
155,nomor milik paket netmax dapat paket netmax gb gb hp aplikasi bimatri situs tricoid,2
156,nomor untung tes identitas sedia untuk menang pulsa rprb tes kirim sms y informasi vd,2
157,pakai handphone xl axiata mu langsung internetan pakai xl,2
158,pakai xl repot setting langsung internetan yuk aktif paket internet myxlcoid,2
159,paket gb hasil aktif restart hp nikmat kuota internetan cek sisa kuota,2
160,paket nonaktif minta guna internet kena tariff dasar internet sesuai skema tariff kartu hubung aktif paket internet informasi,2
161,paket bronet jam mbak aktif nikmat mbak laku aktif sd promo axis telepon informasi,2
162,paket bronet jam gb rupiah aktif temu tawar tarik axis telepon informasi,2
163,paket bronet gb jam aktif nikmat internet gb laku jam aktif sd promo axis telepon informasi,2
164,paket flash mbak tarif non paket laku tanggal informasi hubung cek kuota,2
165,paket internet bronet jam gb aktif otomatis panjang jam informasi,2
166,paket internet spesial internetan minggu kuota gb rprb ayo ketik kebut kirim sd juli lupa ya,2
167,paket super murah pcs c strip ayam sayapnasiteh pucuk rptukarkan sms cfc yogya subang iniselama sedia adapromo,2
168,paket super kebut gb rprb aktif nikmat mbak panjang mar jam informasi,2
169,paket tsel flash tanggal panjang mbak harga ubah sesuai lokasi pasti pulsa cukup henti langgan ketik flash off informasi detail tariff lihat tselmeinternet,2
170,langgan hormat update informasi tarif baru tselmeas hubung rupiah telepon,2
171,beli daves single burger gratis small fries minum periode september tukar sms wendys dekat tawar terbataspromo,2
172,tawar khusus bonus kuota mbak isi ulang min ayo buru isi pulsa t,2
173,tawar spesial obral paket data gbnelpon puas nomor indosat rprb minggudaftar ketik ya laku rtx,2
174,pulang ythmohon nilai puas alam layan telkomsel ketik bahasa indonesia type english kirim free intl charged,2
175,promo panjang gratis mifimodem untuk tunjuk sms galeri smartfren isi pulsa rb bawa pulang mifi favorit sdnov dlk,2
176,promo poin spesial tukar tselpoin menit sms mbak periode promo juli informasi hubung,2
177,promo beli paket flash gb my telkomsel app extra telpon mnthr buru promo batas sk,2
178,promo beli paket flash gb my telkomsel app extra kuota gb lte extra telpon mnthr buru cek tselmemytsel sk,2
179,promo beli paket flash gb my telkomsel app extra paket gb midnight buru promo batas sk,2
180,puas internetan chatting facebook nonton video gb rupiah ribu beli paket,2
181,quota gb harga ribu beli paket puas internetan,2
182,raih smartphone diskon merchant free internet voice sms promo ri tukar telkomsel poin ags mytelkomsel apps,2
183,rawit harga miring internetan ayo isi ulang kartu axis pasti besok promo rabu rawit informasi ld,2
184,rawit kuota bagus harga khusus ayo isi ulang kartu axis pasti besok promo rabu rawit informasi ld,2
185,ribet bolak cek pulsacek sisa kuota internetmu download aplikasi mycare x klik mudah akses,2
186,rprbbln harga normal rprb telpon sms puas im plus kuota gbggb gmau ketik ya sd juni,2
187,rprbbln harga normal rprb telpon sms puas im plus kuota gbgb ketik ya sd aug,2
188,pindah jaring cepat tukar kartu gerai indosatooredoo jljend soedirmanpurwokerto dptkn bns rprb nelpsms indosatooredoo,2
189,aktivasi rekening btpn wow ketik tekan ya telepon pin rahasia informasi lengkap hubung,2
190,selamat voucher berrybenka rprb masuk kode voucher twd transaksi voucher hubung,2
191,selamat voucher lazada rprb masuk kode voucher tst transaksi voucher hubung,2
192,selamat voucher zalora rprb masuk kode voucher tsu transaksi voucher hubung,2
193,selamat bonus pulsa rupiah indosat ooredoo laku poin senyum tambah cek bonus,2
194,selamat gabung tri nikmat kuota gb harikuota panjang otomatis pulsa nikmat bonus kuota lipat gb panjang kartu otomatis nonaktif aktivitas,2
195,selamat paket sms operator aktif cek kuota,2
196,selamat paket aktif cek kuota,2
197,selamat paket bbm gratis aktif paket bbm laku,2
198,selamat paket flash mbak rupiah aktif laku sd tanggal pakai wib paket langsung panjang aktif paket tarif sesuai lokasi cek statusberhenti langgan informasi detail tarif lihat tselmeinternet,2
199,selamat tambah flash aktif laku sd,2
200,selamat hak beli paket pas telpon sms internetan video nsp pilih paket rupiah laku informasi,2
201,selamat aktif instink informasi tarik telkomsel informasi henti program cs,2
202,selamatanda gratis sms smsgift nomor informasi cs,2
203,selamat kuota tsel sms cek kuota informasi,2
204,selamat beli paket combo kenyang internet as cek bonus,2
205,sensasi seru main game ayo gabung heroes game hit download gratis,2
206,seru banget main ball pool pakai pulsa banget loh bro beli koin games cek,2
207,smartfren gratis mifimodem ganti gadget bawa pulang mifi gmmu tunjuk sms galeri sf isi pulsa rb sana sd jan informasi,2
208,special promo bonus kuota mbak isi ulang ayo buru isi pulsa t,2
209,spesial paket flash volume ultima kuota gbhr kuota harga rprb tariflokasi cek tselmefl,2
210,spesial paket internet hemat kuota limpah rupiah ribu kuota gb aktif buru skb,2
211,spesial langgan setia indosat ooredoo bonus aktif menit telepon sms isi ulang sd desember bonus laku x,2
212,stiker line luculucu banget loh beli yuk pulsa gampang banget coba yuk,2
213,super wow gratis gb ckup isi pulsa minimun rupiah ribu sd november laku kali sempat laku akumulasi loh tlc,2
214,tambah thr mataharimall kode thr diskon elektronik kode thr diskon gaya hidup kode thr diskon fashion,2
215,terima kasih paket data indosat informasi detail tekan,2
216,terima kasih langgan setia indosatooredoo download video bonus gratis telpon menit hubung,2
217,terima kasih sahabat indosatooredoo dapat video game seru gratis telepon,2
218,terima kasih sahabat indosatooredoo kenal batas bonus gratis telpon menit hubung yaok,2
219,terima kasih sahabat indosatooredoo rahasia heboh artisartis top bonus gratis telpon menittlp,2
220,terima kasih sahabat indosatooredoo download video bonus gratis telpon menit hubung,2
221,terima kasih isi ulang tanggal gratis telpon menitvideo tekan yesok,2
222,kini ungkapin pikir stiker line beli pakai pulsa tsel download stickershop,2
223,isi saldo tcashmu nikmat aneka promo merchants partner tcash cek promo baru tcash tselmetappromo,2
224,thank your appreciation percaya in using telkomsel servis further feedback mohon nasehat text sms freefor intl charged,2
225,tingkat nilai isi ulang minimal rpribu paket murah pas informasi,2
226,tri bagi bonus pulsa pernuh berkah isi pulsa min rb dapet bonus pulsa rb telpon nomor tri ayo buru isi pulsa t,2
227,trmksh hasil isi pulsa smartfren jual pulsabayar listrikspeedytelkom hubagen barokahmp reloadpasti untung,2
228,top up coins line beli stiker themes beli pakai pulsa koleksi cek,2
229,use my ajak code nxmvfue and get a free ride up rupiah redeem it at,2
230,wow diskon beli paket flash gb bonus menit rprb tunggu buru sk laku,2
231,wow promo panjang sd agt khusus tukar hp smartfrenmu andromax e lte rb rb ayo datang gallery smartfren dekat,2
232,penuh batasankami kebebasa n double kuota bonus gbg unlimited nelpsms musik streaming pakai kuotacuma freedom combo daftar,2
233,yuk dengerin langsung update hari seleb blog suara telepon gratis rpmggcs vas,2
234,yuk internetan kebut akses fb twitter chatting beli paket flash mbhr sesuai zona lokasi rprb cek tarif tselmefl,2
235,yuk temen belanja google play mudah banget loh pakai pulsa,2
236,yuk flash volume ultima update informasi kuota mbhr rprb tariflokasi cek tselmefl,2
237,nonton bioskop gratis keluarga cigna khusus tunggu telepon informasi cigna klik bitlytentangcigna,2
238,yuks internetan seruseruan flash volume ultima kuota gbhr rprb sesuai zona lokasi hubung informasi tarif lokasi lihat tselmefl,2
239,masalah cckt stres bunga lunas disc sd hubung aty wa legal,1
240,lelah bayar min payment solusi bantu legal tutup cckta dscn hublolyta wa legal,1
241,dana tunai bunga jt syarat ktp cc bpkb rate cair hubung ayu wamhn maaf menggangu,1
242,roxi cell rprb agen pulsa elektrik operator gsmcdmavvutk daftar ketik mtronik kirim,1
243,ramadhan selamat menang rpjt pin code yrkz informasi,1
244,brminat cashkredit motor scond barang istmwa tipemerk sjdsini mnyediakn unit atas hubung ms dediktp yk,1
245,menang togel tembus pasang shio tunggal angka mahar pulsa rb kirim nomor xxx khusus putar sgp senin,1
246,pesan suara dengar pesan suara silah tekan tekan okya bebas biaya terima kasih,1
247,main togel kalahmau hasil mbah joko bisah mbntu sioangka retuwal minat hubung mbah jokodi jamin tembus,1
248,aneka shop bagi promo type blackberry dakota jt tourch jt onix jt gemini rb upemesanan pin bbade,1
249,anyonghaseyo ngaku kpopers sejati ayo lengkap koleksi video kpopmu harga video murah loh informasi,1
250,artha cell diskon barang elektronik bb dakota juta bb onyx jt camera lain hubung sms pin bb bddfd,1
251,ass rumah tanah kemarin survei cocok nego harga hubung sms suami haji dermawan,1
252,ass randy mobil lihat kondisiy minat mohon hubung bapa bicara harga net drhdarmawan xxxxxxx,1
253,assmaaf wahyumengenai mobil jual lihat cocok nego harga silah hubung saudara jusman safei,1
254,ass maaf by hjsuri kemarin survey rumah harga hubung suami h sigit telepon terima kasih,1
255,asssy sugiyono tempo mngenai mobil toyotanyasy brminatcocoktlong hubung saudara dluuntuk negosiasi harga anabdullah hp,1
256,assalamu alaikumsaya reski costumer servis tri plaza semanggi lantai jljend sudirman jakarta mhubungi undi laku noanda sambung krimkn sms jatuh tempo noanda menang undi tri jenis hadiah unit mobil suzuki ertiga newdengan pin dcs silah cek situs hubung,1
257,assalamu alaiqum nenek masuk rumah sakit tolong kirim ulsa ribu nomor telepon rumah sakit ganti uang,1
258,ayah isi pulsa xl rb nomor,1
259,belikan pulsa as ndisek ribu nmrku anyar cepat entenipenteng kantor polisijangan smstlp,1
260,belanja promo disc bb dakota jt bb onyx jt bb z jt lain infosms pinbbaff klik,1
261,belanja toko resky diskon bb laptop samsung ipad nokia lain upemesananorder callsms kunjung situs,1
262,belikan mama pulsa simpati ribu nomor baru mama kirim cepat hpnya orang mama pinjam,1
263,bella bingung bang nulis nulis serba salah mending langsung ngobrol telepon deh bang nomor telepon xxxx,1
264,berkah poin nomor mndpt hadiah kei pin dhi silah verifikasi pin menang situs resmi,1
265,berkat isi ulang pulsa nomor tpilih menang cek tunai rpjt ptmkios pinnf uinfo klik,1
266,berkat isi ulang pulsa nomor pilih menang kejut tri mendpt cek tunai jt planetcare pinbh cek hadiah,1
267,big sale discound zjt iphone gbjt snote jt camera laptop lain pin bb ab callsms kunjung,1
268,big sale sinar blackberry z rpjt dakota rupiah jt tourch rupiah jt davis rupiah rb infohubsms ccfa,1
269,blackberry city jual blackberry discond dakota jt torch jt onyx jt davis jt gemini jt uinfo hubung ibuanita pin bbd,1
270,blackberry big sal bb z rupiah jt dakota rupiah jt samsung note ii rupiah jt iphone gb rupiah jt laptopcameradll minat ajak bbm pin affc,1
271,bpkibu rekening pilih menang cek jt bni uinfo klik kode cek hubung,1
272,bpkibu hormat milik noxxx pin undi resmi mdptkan rpjt cs klik carecom,1
273,bpr syariah yogya layan biaya usaha andasyaratcopy ktpkkbuku nikah jamin bpkbsertipikatproses survey cepat hubung,1
274,butuh dana tunai cepat juta bunga rendah flatbln proses jamin syarat mudah informasi yani,1
275,cahaya travel tiket murah promo terbang domestic internasional booking jam hubung kelik,1
276,casino besar daftar raih bonus referral bonus cashback sportsbook minggu main smartphone pc,1
277,dapat eticket promo terbang domestik internasional via mudah aman hubung klick,1
278,dapat etiket murah promo terbang domestic international booking informasi hubung,1
279,dapat tiket murah promo ditravel kmiuntuk terbang domestik internasional booking jam minat hubung,1
280,dapat total hadiah ratus juta rupiah kota berkah klik program sd agustus,1
281,daptkn etiket pesawat promo layan domestik and internasional booking cepat aman hubung taut,1
282,de inih bapa pakai nomor temen tolong kirimin pulsa nomor inih penring banget rumah digantiin,1
283,uang transfer rek bank xxx xxx an xxx sms nomor xxx,1
284,transfer uang rekening bni an ismawati rek sms kirim,1
285,jual ticket super junior tanggal april lady gaga tanggal juni harga goldjt tribunjt informasi hubung ladyticketwebscom,1
286,dptkan etiket promo terbang domestic internasional booking jam informasi hubung,1
287,gebyar poin plusplus indosat edisi priode nomor pin undi dhi resmi raih hadiah informasi,1
288,gebyar telkomselpoin nomor trpilih menang pin fg silah verifikasi pin situs resmi,1
289,gratis menit telpon indosat sms indosat mbak internet slma jam isi ulang rbisiulang pulsa rb nikmat gratis,1
290,gratis sms sesame indosat dengna kirim sms juni bonus x maks xjam informasi us,1
291,gratis internetan mbak laku isi ulang axismu rupiah ayo isi ulang nikmat bonus informasi,1
292,gratis internetan hg mbak telpon menit sms indosat isiulang rbutk daftar ketik gratis kirim gratis isi ulang,1
293,gratis pulsa rb malam isi ulang rb daftar ketik gratis kirim kereg ckp kaliinfo ketik informasi kirim,1
294,gtshop disc bb z jt bb torch jt bb davis jt minat galaxy s jt cp pinab gilisms versi demo,1
295,guntur hubung facebook balas stop unruk henti terima sms facebook,1
296,hi trims gabung layan gita bicara boladpt informasi tarik n prediksi akurat gita infomg rbsmsstop unreg gita cs,1
297,hquarters business residence lokasi emasasia afrika bandung harga prelaunchprofit roi libur bayar th tsm desjan,1
298,indomarcocell tawar agenpulsa mkios chip oprator harga v v v gabung ketikdaftar kirim lukis ku,1
299,indosatpoin plusplus selamat simcard xxxx resmi pilih mdpt hadiah pinbchdi sahkan ptindosat informasi klik,1
300,indovison promo rbu nikmat langgan gratis biaya pasangbonus cema hubung pin bb fc,1
301,informasi ptmkios hasil undi berkat isi pulsa selamat nohp xxxxx mdpt hadiah pin menang informasi klik,1
302,informasi resmi selamat pilih menang semarak undi ptindofood indonesia nomor pin dhi informasi pinhadiah klik,1
303,informasi resmi bpkibu hormat selamat nomor menang pesta isi ulang care nomor per undi malam pkl sctv uinfo hadiah klik,1
304,informasi resmi kepadabpkibu hormat selamat nomor menang pesta isi ulang care nomor per undi malam pkl sctv uinfo hadiah klik,1
305,informasi resmi ptindofood noanda tdftr menang undi pop mie edisi mndptkn unit nissan juke pinach infokunjungi,1
306,informasi resmi ptindofood selamat noanda tdftar pmnang pop mie raih hadiah unit nissan juke pinxbv uinfo kunjung,1
307,informasi resmi pttri care pin menang jf mdptkan hadiah i unit toyota yaris uinfo cek pin klik,1
308,informasi resmi pttri care pin menang jf simcard resmi hadiah unit toyota yaris nomor,1
309,informasi resmi pttri simcard resmi mdptkan hadiah mobil mazda kode pin emlb informasi hubung klik,1
310,informasi resmi selamat nomor simcard men dptkn uang tunai rupiah jt ptindosat pintblvg informasi hubung au klik,1
311,informasi resmi tri care selamat nomor pilih hadiah unit mobil tri care pin menang brh informasi,1
312,informasi resmi ptindofood selamat mdpt mobil nissan juke kejut pop mie pinfcd hubung drshnaldisuparman,1
313,informasi dana tunai jamin juta bunga syarat milik kartu kredit proses kerja telepon firli,1
314,informasi pinjam agun jt standart chartered bank syarat copy ktp copy kartu kredit resmi minat hubung akbar trimksh,1
315,infojk jual rmhtanahmobilprodukjasa lain promosi sms massal rupiah sebar nomor hpjam hubung jogja,1
316,angka jitu putar hubung mbah togel semarang jamin tembus raja shio buka jam,1
317,pinjam hp orang tolong bliin pulsa rb kirim nomr brunya msalh kantor polisi tlpsms nnti telepon,1
318,tolong belikan pulsa ribu nomor baru kantor polisi tlpsms telepon,1
319,nomor rekening brianasri narti norek,1
320,nomor papa tolong kirimin pulsa nomor papa papa kantor polisi telepon papa,1
321,nomor rekening bri an andika septiana,1
322,rekening bank brinorekanir mayani,1
323,rekening bank mandiri norekan murtiani,1
324,rekening bri rek anrasto murdoyo,1
325,rekening mandiri an reza prasetya,1
326,rekening bank mandiri an ali syamsudin rek,1
327,rekening bank bni norek anwahyudi alamsyah sms kirim,1
328,isi pulsa untung myvplus pulsa lsg voucher diskon hadiah point yuk klik,1
329,isi ulang pulsa rupiah regular hd com sukses refgratis pulsa sd rb hg mlmktkgratis kirim,1
330,isi ulang pulsa rupiah regular putera sukses refgratis pulsa sd rb hg mlmktkgratis kirim,1
331,butuh angka jitu gaib d d d sgp jamin tembus silah sms mastertogel,1
332,kak kirim pulsarb nomor baru,1
333,ktr indosat hubung nomor trsambungjd kirim sms bhw nomor mendpt mobil jaguar pindhi informasi,1
334,mnghubungi trsambung sim card hadiah tiga ptaxis pin klik,1
335,kejut poin hadian rupiah jt resmi milik nomor xxxx pinxaf informasi kantor pusat telkomsel,1
336,mudah aman bisnis togel bentuk gabung raih untung satusatunya situs togel percaya,1
337,hormat bpkibu langgan tri sumargani operator tri plaza semanggi lantai jalan jend sudirman kav jakarta kirim sms nomor sulit hubung nomor hadiah promo undi hadiah suzuki ertiga pin andatb informasi,1
338,putus resmi care selamat noanda pilih mdpt tabung rpjt pinmcxj informasi kelik,1
339,sempat agen pulsa mkios all operator harga v v vrb vrb vrb vrb ketik daftar kirim,1
340,sempat agen pulsaall operator mkios harga murah ketik gabung kirim,1
341,kirim bank bca nomor rek an andrianto djunaedi usaha trms,1
342,kirim mandiri an arya rek kabarin ya,1
343,kirim pulsa ewu nomor mas agus,1
344,bank bri telepon sms nopin menang kghk mdpt hadiah untung bliung britama informasi klik,1
345,krim bni an ayu suryani nomor rek kirim kabarin ya,1
346,layan vip games rpsms xmgg diperpanjangnikmati layan stop cs,1
347,belikan besok pulsa rbu nomor baru,1
348,isi pulsa rb nomor,1
349,maaf hubung sambung noanda resmi raih hadiah ptmkios pinmk uinfo hadiah klik,1
350,maaf hubung sambung nomor raih hadiah ptmkios pin mk cek pin,1
351,maaf hubung sambung selamat noanda resmi raih hadiah ptcare pin bh uinfo klik,1
352,maaf hubung tersmbung noanda resmi raih hadiah ptmkios pinmk cek pin,1
353,maaf bu nur tanah tanjung apiapi lihat cocok harga tolong hubung suami hsulaiman nomor hp xxxxxx acaratks,1
354,maaf angsur bayar bpkyogi hp kuasa,1
355,maaf tolong uang transfer bank xxx an xxx norek xxx transfer sms terima kasih,1
356,maaf iklan tawar pinjam uang tunai jamin jt sd jt ktp d kartu kredit bunga flat simpan sms ni ahub,1
357,maaf ingat kontra diteruskanbayar harap chandra nomor sys kuasa sepenuh maaf sms,1
358,maaf bu ratna meganai rumah lihat bandara silah hubung suami h arif iskandarse hp trims,1
359,mahesian plz kena nomor nu rbu ayena,1
360,mamah pangmeserkeun heula pulsa as rbkana nomor ieu tong telpon nuju riiweh ayeuna,1
361,manfaat fasilitas pinjam jamin syarat fcopy ktp kartu kredit proses kerja informasi hubung rasti,1
362,manfaat creditcard apply pinjam jt cashback minat hubung bintang terimakasih,1
363,libur gratis lombok ajar foto klik paket internet rupiah mbhr hubung cek status paket,1
364,nissan jukeayo beli popmie kirim kode kodeuniq pemenangnyahati tipu cs klik,1
365,uang tunai jtayo gabung layan video cliponyu keluar jurus gombal dahsyat host cantik cliponyu ketik clip cs,1
366,mega cell cari agen pulsa cip operator harga v v v rb lain minat ketik informasi kirim,1
367,mega prima tama promo diskon blackberry dacota rupiah onyx rupiah iphonipad laptop camera lain informasi pin bb aea,1
368,meganai ruma bpkibu jual sd surpai minat telepon tembus harga hubung suami drhirawan,1
369,layan fasilitas pinjam dana tunai jamin bpkb mobil cover area daerah indonesiabunga flat nomor bi cheking proses cepat data langsung jemput survey kamibfi finance hubung oktra mariadi sihaloho cp,1
370,lejit pintarkursus suamiisteri aktifasi smangat bljrpenguatan fungsi iotak anak prestasi mningkattelepon ketik ok sms,1
371,rumah bpkibu jual survey berminatsy telepon tembus harga hubung suami drhirawan,1
372,uang kontra terusin harap suyono nomor hp shd kuasa penuh maaf sms,1
373,modal usaha solusi uang copy ktp kartu kredit npwp nomor rek pribdi jt bank hubung lia,1
374,mohon maaf promosi pinjam uang tunai syarat copy kartu kredit bunga gratis asuransi hubung ani lia proses cepat,1
375,mudah pinjam sd jt bunga gratis asuransi copy ktp kartu kredit slip gaji hubung mido,1
376,nagamas elecktronik bb dakotajt bb davisrb bb geminirbq bb torchjt lain telepon sms pin bb a,1
377,nak ayah tolong kirimin ayah uang rb nomor rek an yanti ayah kantor polisi ngurus surat tilang terimakasih,1
378,bayardi transfer harap hubung atas ardiansa nomor telepon ubah bayar trima kasih,1
379,transfer tipon nomor ubah nomor rekening terima kasih,1
380,nasabah bank bri hormat selamat cek tunai rpjt bank rakyat indonesia pin ijhk uinfo klik kunjung,1
381,nasabah bank bri hormat nomor rek mdpt hadiah cek rupiah jt bri untung beliung britama pin ijhk informasi klik,1
382,nasabah bri hormat cek juta undi bri kode triplle cek informasi hadiah klik,1
383,nasabah bri hormat norek pilih menang undi bri kode pin ijhk uinfo hadiah klik,1
384,nasabah hormat menghub bri prihal tabugan cek rpjt bri kode cek informasi klik,1
385,nasabah ythrekning tbungn errorhrus monitor ulang gunakn kmblimaaf kantor hrap hubung pakai aryadhi ditks,1
386,nasabah hormat rek mndpt cek rpjt kode cek informasi hubung klik,1
387,nasibberbagi bakti rutin ringan beban hidup wallppr stop ketik unreg nasib cs,1
388,nasibnutrisi otak salah nya berfikir positif ilmu wallppr stop ketik unreg nasib cs,1
389,nfo resmi nomor andaxxxxx pilih mendpt hadiah langsung pttri care pinpemenang fhjtl utkinfo lengkap klik,1
390,noid isi pulsa mtronil at hadiah program poin isi ulang mtronik uinfo resmi menang klik,1
391,pangmeulikeun heula pulsa bpa anu simpati ribu we ganti ku bpa ieu nomor na nya,1
392,langgan hormat simcard mdptkan cek tuanai rpjt pttricare indonesia pin hdrjn ucek pin kunjung,1
393,langgan hormat selamat kartu gsm mendpt tabung haji rpjt kopi jahe hut nomor pin efgr uinfo sgr hubung laksana pt sidomuncul,1
394,langgan hormat hadiah poin plus plus indosat pin menang bch informasi menang klik,1
395,langgan hormat selamat mendpt hadiah undi pt indofood popmie pin fhx uinfo klik,1
396,langgan ythsaya mbak muliani operator tri hubung sambung informasi sms hadiah jatuh tempo selamat nomor tri menang undi pesta isi ulang pulsapin menang bh hubung kantor tri jakarta telepon informasi klik,1
397,langgan ythsaya rezky operator tri hubung sambung informasi sms hadiah jatuh tempo selamat nomor tri menang undi pesta tri pin menang afr informasi klik,1
398,langgan hormat kantor tri jakarta hubung nomor sambung informasi sms nomor trpilih menang hadiah cek rpjutadri undi isi ulanag tripin undi andaafr uinfo klik,1
399,langgan hormat simcard menang hadiah mobil toyota all new yaris pinjf gebyar undi care informasi lenkap klik,1
400,langgan hormat simcard menang hadiah mobil toyota all new yaris pinjf gebyar undi care informasi lenkap klik,1
401,langgan hormat simcard menang hadiah mobil toyota all new yaris pinjf gebyar undi care informasi lenkap klik,1
402,langgan hormat simcard menang hadiah mobil toyota all new yaris pinjf program pesta care informasi lenkap klik,1
403,langgan hormat tri care noxv pin menang jf hadiah unit mobil toyota yaris informasi klik cocok pin menang,1
404,langgan ythmkios cell tawar daftar cip mkios token pln harga pulsa v rupiah v gabung ketik informasi kirim,1
405,langgan hormat selamat nosimcard xxx resmi menang undi poin plusplus edisi th pin andaerd uinfo klik,1
406,bayar jatuh tempo silah melapormhub kantor terima kasih,1
407,bayar bayar harap telponsms atas bpkdedy hpterima kasih,1
408,tawar batas software sms gateway iklan sms pilkada sekolah instansi kampus lain harga promo rupiah hubjasa advertising corp jam,1
409,setor angsur bayar harap telepon atas iwan hp indomobil finance terimakasih,1
410,minta proses kunci reg gita layan pt hypermind,1
411,pesan resmi care undi tiga uang tunai juta,1
412,pesan resmi mkios pesta isi ulang kartu pilih hadiah cek jt pinmhr hubcustumer klik,1
413,pesan resmi ptplanet card hadiah cek tunai nila rpjt jatuh menang kode pinbg silah cek,1
414,pesan resmi pttri care indonesia selamat simcard hadiah nila juta jatuh menang lv kode pin ijhk silah cek,1
415,pesan resmi ptcare berkat isi ulang pulsa nomor resmi hadiahrp juta care pin menang bh uinfo klik,1
416,pesan resmi tricare selamat mndpt hadiah unt mobil honda jazz rsnopin menang bl informasi kunjung,1
417,pesan resmi pttricare selamat nomor tpilih mndpt hadiah unit mobil honda jazz pin menang lm informasi klik,1
418,pesan resmi tri care indonesia selamat noanda mendpatkn hadiah nopinbl uinfo silah kunjung,1
419,pesan resmi tricare indonesia selamat noanda mendptkn hadiah nopin pemenangbl uimfo silah kunjung,1
420,pesan resmi tri care selamat mdpt hadiah unit mobil honda jazz rs nopin menang bl informasi kunjung,1
421,pesan resmi tri care selamat mdptkan hadiah cek tunai rpjt pin undi uinfo kunjung,1
422,pesan resmi tri careselamat mdptkan hadiah cek tunai rpjt nopin undi uinfo kunjung,1
423,pesan resmi mkios sim card menang hadiah cek jt promo mkios pinmhr hubirhsurianto klik,1
424,pesan resmi ptcare indonesia berkat isi ulang nomor mdptkan hadiah kode pin bh uinfo hadiah klik,1
425,pesan resmi ptcare indonesia berkat isi ulang nomor resmi raih hadiah kode pin jf uinfo hadiahlik,1
426,pesan resmi ptcare indonesia slmtnosimcard resmi raih hadiah pin bh uinfo hadiah klik,1
427,pesan resmi selamat nomor simcard mdptkam hadiah cekrpjuta tri care pinyrkz informasi keik,1
428,pesan resmi selamat nomor simcard mdptkan hadiah cek rpjuta tri care pin yrkz informasi kelik,1
429,pesan resmi selamat nomor simcard mdptkan hadiah cek rpjuta tri care pin yrkz informasi kelik,1
430,pesan resmi selamat nomor simcard mdptkan hadiah cek rpjuta tri care pin yrkz informasi klik,1
431,pesan resmi selamat nomor simcard mdptkan hadiah cek rpjuta tri care pin yrkz informasi klik,1
432,pesan resmi tri nomor xv pin menang ytg pilih menang ii hadiah cek tunai jt informasi lengkap tri klik nomor sms maafsaya telepon nomor,1
433,pesta mtronik langgan setia mtronik pilih menang pin menang er uinfo klik,1
434,pesta mtronik langgan setia mtronik pilih menang hadiah pin pemenangaiue uinfo klik,1
435,pinjam sd miliard jamin bpkb mobiltruck min th bunga syarat mudah proseshari pt bunas finance tbk cover all wilayah andi,1
436,plenetcell cari agen ujual pulsa all operator harga pulsa p p prb informasi ketikinfo kirim hhb cs,1
437,pulang hormat nosimcard unit toyota all new yaris gebyar tricarepin pmnang jf uinfo hubung klik,1
438,pulang hormat nomor pilih menang cek rpjt pttelkomsel hut telkomsel hubung telepon center,1
439,pulang hormat nomor xx mdpt hadiah all new avanza pttelkomsel pin andabch informasi klik,1
440,pulang hormat selamat nomor care pilih hadiah cek tunai rpjt program undi care pinca informasi klik,1
441,pulang ythno mendpt hadiah pengundiang pt indosat pin andabch umelihat hadiah klik,1
442,pulang hormat simcard bonus poin plusplus drptindosat pin andafg uinfo klik hubung,1
443,plgyth nomor resmi pilih menang hadiah ptm tronik nomor pin gf uinfo urus hadiah klik,1
444,plgn hormat mendpt hadiah unit mobil suzuki ertiga pthm sampoerna tbk pin andafah uinfo klik,1
445,plgn ythsaya hrian harino opoerator tri hubung sambung informasi smssblum hadiah jatuh temposelamat nomor tri menang undi care nomor pin menang mgksegera hubung kantor tri jakartainfo klik,1
446,plgn ythtri mnctv umum nomor tglmaret pagi sambung desi hermawati costumer servis tri plaza semanggi lantai jljend sudirman kav jakarta kirim sms jatuh tempo nomor simcard tri menang undi pesta internet tri hadiah toyota new yarispin andadidinfo resmi klik,1
447,plgn ythtri mnctv umum nomor tanggal agustus trsmbung desy hermawati pthutchison tri plaza semanggi lantai jljend sudirman kav jakarta kirim sms jatuh tempo bhwa nomor simcard menang undi pesta poin tri hadiah toyota all new yaris pin did klik situs resmi,1
448,pnjaman mudah jamin proses cepat syrt ft cpy ktp kartu kredit minat telepon ari,1
449,promo blackberry bb dakota jt bb torch jt bb davis jt bb onyx jt bb gemini rb minat hubung promo batas,1
450,promo blackberry bb dakota jt bb torch jt bb davis jt bb orlando jt bb gemini rb minat hubung promo batas,1
451,promo cuci gudang blackberry samsung apple laptop beli informasi telepon pin bb fb caturgadgetymailcom,1
452,promo lebaranpaket servis motorolie rbharga rprbada genuine oilgop shopinfo laku juiaug,1
453,promo baru toko artha jaya bb dakota jt iphone jt bb onyx jt camera lain telepon sms,1
454,pt mtronik hubung sambung nomor resmi raih hadiah pin er cek hadiah,1
455,pt garsindo cari agen jual pulsa mkios all operator transaksi jam harga v v v ugabung kirim,1
456,pt indofood tbk pilih menang hadiah promo popmie pinaiue informasi klik,1
457,pt pertamina persero terima karyawani lulus smk dddss kirim lamarancvijazahphotox notip email pertaminareckrutmentymailcom,1
458,ptbni persero tbk rekening pilih rpjt rejeki bni taplus kode cek silah klik,1
459,ptindofoodtbk resmi menang uang rpjt pop mie nopin xyqd informasi lengkap klik,1
460,ptmtronik berkah isi ulang pulsa mtronik nomor mdptkan hadiah pin pemenanger uinfo klik,1
461,pttri care pin menang mdptkan hadiah i unit toyota yaris uinfo cek pin klik,1
462,pttri care selamat simcard hadiah unit toyota avanza pin fhjtl informasi klik,1
463,pttri november selamat nosimcard mraih cek tunai rpjt program isi ulang pulsa pinmcxj informasi klik,1
464,resmi indosat nomor xxxxxxx pilih menang poin plusplus pin menang bch uinfo klik sms kirim nomor,1
465,resmi tri care pin menang anda jf medptkan unit toyota yaris uinfo klik cs,1
466,rumahtanah jualsy ayu survei minat umembeli harga mohon hubung suami drhjsopian,1
467,arum k prasodjo operator tri jakarta ptpos persero surat pemberitahuan alamat registrasi kartu tri temu kirim sms informasi iniselamatnomor menang undi tri siar mnctv tanggal agustus menang pin undianmlengkapi prosedur hadiah jatuh tempo klikhttp,1
468,pagi sms pttrisimcard resmi mdptkan hadiah honda jazz rs kode pinbfgs informasi hubung klik,1
469,sayang belikn pulsa nomor telepon pakai hp teman yacc,1
470,sayang kalah cepat khawatir ayo coba sesi pasti baca pesan line indonesia informasi hadiah acara sesi,1
471,bayar transfer harap hubung atas sayabpk ardiansah nomor telepon ubah bayar,1
472,dapat etiket pesawat harga promo terbang domestik internasional reservasi tiket mudah praktis hubung,1
473,dptkan ijazah dss asli daftar akreditasi cepat kilat instan resmi silah hubtks,1
474,selamat cek tunai rpjt ptbank rakyat indonesia pin andaijhk uinfo klik hubung,1
475,selamat menang undi popmie hadiah unit mobil nissan juke pin andabch informasi klik situs,1
476,selamat menang promo undi popmie getlucky unit mobil nissan juke pin andabch uinfo klik,1
477,selamat daftar member mpulsa kode agen d pin saldo rupiah tambah saldo ketik informasi kirim,1
478,selamat terdftr diprog gratis telpon mntsms keisatinternet hg mbak isiulang rb isiulang pulsamunikmati bonusnyacekbns,1
479,selamat milik nomor simcard xxxxxx uang tunai rupiah jt ptindosat pinrwd hubung spam,1
480,selamat nosim card mdptkan hadiah unit mobil toyota yaris pinjf uinfo hubung klik awas tipu,1
481,selamat nomor care pilih hadiah unit mobil toyota yaris pin menang andajf uinfo cek,1
482,selamat nomor care pilih hadiah honda jazz rs program undi care pinrwf informasi klik nih bank bri nomor rekening nama bayu alamsyah,1
483,selamat nomor pilih mdptkan kejut hadiah langsung care kode menang bch informasi lenkap kunjung situs,1
484,selamat mendpt hadiah rupiah juta telkomsel point edisi september hubung kantor pusat ir dwi hartanto,1
485,selamat mdapat hadiah unit mobil alphard telkomsel informasi hubkunjungi situs,1
486,selamat mendpt hadiah rpjuta telkomselpoin periode maret pin andac hubung kantor pusat irwardoyo,1
487,selamat mendpt hadiah rupiah juta telkomsel point edisi september hubung kantor pusat,1
488,selamatanda mdptkan hadiah cek tunai rupiah jt indosat pin anda fg uinfo ambil hadiah kunjung situs indosat,1
489,selamatanda mdptkan unit mobil nissan juke ptindofood pin anda tdn uinfo ambil hadiah kunjung situs,1
490,selamatanda hadiah cektunai rupiah jt indosat pin fg uinfo ambil hadiahkunjungi situs indosat,1
491,selamat menang unit mobil freed telkomsel edisi undi malam pkl rcti uinfo hubung h mulyadi kirim,1
492,selamatanda mdptkan hadiah unit mobil honda jazz uang tunai jt rs pttricare pin menang andabfgs uinfo klik,1
493,selamatkepada langgan xxx mendpt hadiah program poin plus plus indosat nopinfg informasi klik,1
494,selamatno simcard resmi mdptkan hadiah unit honda jazz tri care pin menang ztkm uinfo cek pin klik,1
495,selamat trpilih langsung hadiah pttelkomsel rpjtuinfo hubung pusat drshmulyadi pelaksanatelkomsel,1
496,seminar denpasar bal wakil mahasiswa kewirausahaan biaya transport rupiah juta nomor serta semnasdikti direktur mahasiswa dikti prof joko purwanto msi hubung wahyudin zarkasi nomor referensi ptx,1
497,sim card mdptkan hadiah yunit mobil toyota yaris nopin menang jf uinfo,1
498,simcard menang gebyar isi ulang tri pinnf laku verifikasi,1
499,selamat nomor mdpt dana bantu rpjtdr pt sidomuncul uinfo hubirhjmuliyadi pelaksanapt sidomuncul,1
500,selamat nomor hadiah unit mobil honda jazz promo tri care pin pemenanglm lnfo klik,1
501,selamat nomor resmi mdpt hadiah rpjt pt mkios menang pin andam uinfohubpakh risal dermawan mkios,1
502,selamat simcard xxxxxx mdpat cek tunai rpjt pin rwd informasi cs kunjung,1
503,selamat nomor mendpt hadiah drpengundian pttelkomsel nomor pin bc hadiah sila klik,1
504,selamat nomor mendpt hadiah rupiah juta telkomsel poin undi malam wib rctiinfo hubung ir serianto kirim,1
505,selamat nomor hadiah undi poin plus plus indosat nomor pindhi informasi menang silah klik,1
506,selamat nomor hadiah undi poin plus plus indosat nomor pindhiutk informasi menang silah klik,1
507,selamat nomor mdpt mobil avanza kartu as undi malam metro televisi pkl wib uinfo klik atauhub,1
508,selamat nomor mdpt mobil avanza kartu as undi malam metro televisi pkl infokunjungi alamat,1
509,slmtno mendpt hadiah rpjtdari telkomselpoin undi malam pukulwib rctiinfo hubung drshsrianto kirim,1
510,slmtno mdpt unit mobil all new avanzadari telkomselpoin pin pmenan bchuinfo lengkap kunjung,1
511,slmt no mndptkn hadiah grand prize uang rpjtdr telkomsel poin nopingjk hubung telepon center kirim tsel,1
512,smlt anda mndpt hadiah toyota all new avanza telkomselpoin pin menang bch uinfo lengkap kunjung httpgebyartelkomseljuplocom,1
513,solusi khusus pegang kartu kredit nikmat kredit angunan bank asing jt jt hubung lukman,1
514,solusi praktis khusus pegang kartu kredit nikmat mudah kredit agun jt maksimal pinj x limit hubung fany abai minat,1
515,surat putus tri care indonesia noxv pin menang ytg hadiah cek tunai rupiah jt uinfo kunjung,1
516,surat putus tri care indonesia noxv pin menang andahhh hadiah unit mobil honda jazz rsuinfo klikhttptriwebnodecom,1
517,surat putus tri care indonesia noxv pin menang andaytg hadiah cek tunai rpjuta uinfo klik,1
518,surat putus tri care indonesia noxv pin menang ytg pilih cek jt informasi kunjung,1
519,surat putus tri care noxv pin menang andamcxj cek rupiah juta uinfo klik,1
520,surat putus pttri care noxv pin pen fc hasil yunit mobil honda jazz rsuinfo kunjung,1
521,surat putus tri care noxv pin menang bfgs mdptkan hadiah honda jazz hubung informasi pin klik,1
522,surat putus pttri care selamat noanda resmi raih hadiah toyota yaris pin undianfbgs informasi hubung klik,1
523,surat putus pttri simcard resmi mdptakan hadiah honda jazz rs pin undi bfgs informasi hubung klik,1
524,surat putus pttri selamat noxxx resmi mdptkan honda jazz rs kode pinbfgs informasi hubung klik,1
525,surat putus resmi tri care noxv pin menang andaxvf mendpt unit mobil honda jazz rs uinfo klik,1
526,surat putus resmi mkios noxv noanda resmi raih hadiah ptmkios pinmk uinfo klik,1
527,surat putus resmi slmtno sim card tpilih menang ptmtronik pin andafe uinfo klik,1
528,surat putus noviit kode undi selamat noanda mendpt hadiah cek tunai rpjt uinfo kunjung,1
529,surat putus tricare indonesia nomor xv pin menang jf toyota yaris uinfo kunjung blogspotcom,1
530,ajeng sms pt care indonesia uang tunai rupiah juta situs bayar administrasi rupiah jutasy telepon bambang purwanto nomor rekening tuju bayar administrasi bank bri an pt tri lestari websitenya cantum ktp marketing office pt care indonesia,1
531,hj fatima cocok rumah tanah bpkibu tolong tawar harga negosiasi suami h hendra irawan,1
532,drrimbawandirmawa ipbythjajang roni aunul kholiknimedi hbngi profdriryonny koesmaryonomsdi hadir seminar kembang karakter mahasiswa dikti tanggal april htl nusa balitrims,1
533,rudi jambi bgi teman kalah togel kalah bandar hubung mbah ros jamin tembus bukti d jt,1
534,rudy malaysia brencana investasi uang sbagai bekal hidup indosy butuh orang percaya uang rm jtbila bsediasms,1
535,terima kasih isi ulang sunnytrx sukses sbsar snbyr plntelkom bisakami tunggu datang,1
536,terima kasih isi alat hitung war pul cell informasi layan bayar tagih pln,1
537,pilih cek jt kode triple cek uinfo klik situs,1
538,togel sgp edisi senin angka jitu jamin tbsstlh tbs krim pulsa rb mahar dkrm nomor ki karso,1
539,toko bagus phone promo diskon blackberrydakota rpjt torchrp jt gemini rb infosmspin fc,1
540,toko bursa cuci gudang diskon bb dakota jt toch jt gemini jt laptop informasi pin bb afbe,1
541,toko jaya bb diskon type blackberry gemini ribu torch jt dakota jta nokia samsung informasi klik,1
542,toko jember promo diskon keyboard yahama dakota rupiah jt onix rupiah jt gemini rupiah rb infosms pin bb cd,1
543,toko niagacell disc khusus promo blackberry nokia samsung iphone lain informasi hubsms buka situs,1
544,toko rahmat abadi big sale blackberryiphone ipadsamsung laptopdll informasi hubung sms pin abbee cek,1
545,tolong belikan mama pulsa rb nomor as mama teman mama celaka kluarganya hubung mama ganti uangnyapenting,1
546,tolong uang kirim rekening ajabri an hasan mahmud rek sms klau kirimmakasih,1
547,tolong uang transfer kesini mandiri an rahmad adrian nomor rek sms kirim trims,1
548,tolong uang transfer bank an ardiansyah transfer sms terima kasih,1
549,tolong uang transfer bank bni an friska ananda sms transfer trimksi see more at,1
550,tolong uang kirim kesini bank danamon an farida hanum nomor rek sms kirim trims,1
551,tolong uang transfer bank xxx an xxx xxx transfer sms terima kasih,1
552,top celluler discound bb dacota rupiah jt bb onyx rupiah jt bb gemini rupiah jt laptopkamera iphone lain informasi kunjung pin bb aa,1
553,tourtravel dptkan tiket pesawat promo domestik internasional mudahaman booking jam hubung telepon websete,1
554,transfer bank xxx an xxx nomor rek xxx transfer sms nomor ya,1
555,transfer bni an soraya harum rek kabar nomor ya,1
556,transfer mandiri an resti amanda norek,1
557,transfer uang rek inimandirino rek andarman klau transfer sms nomor trima kasih,1
558,transfer bri an angga prastia nomor rek,1
559,trima kasih langgan cnf aqua gnkan nomor mesan air isi ulang agua asli n seda gas kg kg tolong sebar sms teman kos n kampus ya henti terima kashnbtlng save nomor mesan aqua bla butuh mkshgratis,1
560,tselpoin kejut poin hadiah rpjt resmi xxxxx pinbbc uinfo hubcs pttelkomsel kirim,1
561,uang trnsfer bni an rastina norek d trnsfer sms nomor trmks,1
562,uang kirim rekening bankbni an safitri norekening,1
563,uang kirim rek bank bni an sdr abdul rahman nomor rek sms kirim terima kasih,1
564,wassalamu alaikum wr wb uang kirim nomor rek bri an nova aryaxxx xxx transfer sms nomor trmh kasih nomor hp kirim sms,1
565,ya allah moga hp keluarga kasih sayang mu kah rejekinya jauh mara bahaya amin kenan,1
566,yank tolong isiin pulsa rb nomor telepon yacc,1
567,yank tolong isiin pulsa nomor nomor baruqskrng,1
568,yank isi pulsa nomor as gantiinpenting bget nih barusan bos telpon tgguin yach,1
569,hormat bpkibu bni rekening pilih menang hadiah rupiah jt kode cek informasi klik,1
570,hormat isti sofiyah hubung drsh safi i mpd kadisdik ntb perihal seminar gratis dikti bu sri tudiknas,1
571,hormat bpkibu eka novitasari kariyawan care mhub sambung hormat sms singkat layan selamat nomor mdptkan hadiah unit mobil toyota avanza pinv undi rejeki care periode utama uinfo kunjung,1
572,ythmiitra silah cek poin tukar admin format popin kirim xxxxxxxxxx,1
573,yuk ikut akun dakwah ketik spasi akucintaislam kirim,1
574,kfc enhaii,0
575,maaf janji penuh janji,0
576,ngasih bunga ato cokelat min,0
577,sambl nunggu form formnya,0
578,akademik perhati tuk jadwal kontrak kuliah ang sebenarny kuliah jadwal kur ang ato atas jadwal jadwal bayang tuk tuju kontrak kuliahhal atas laku tuk mk jalan ang skripsi sidangdemikian harap perhati,0
579,informasi plaassalambagi ambil mk pla wajib kumpul haritgl kamis agustus wibbagenda bekal jelas platempat gdg jica lantai rsdemikian informasinyharap perhati d sebar,0
580,informasi teman kumpul data asisten labmatakuliah bukti surat terang ambil andri,0
581,daftar langgan tcash full servis tingkat saldo isi saldo tcash merchant logo tcash dekat,0
582,pin tcash silah pin nikmat layan tcash telkomsel,0
583,nya mad bingung lapor,0
584,aamiin terimakasih moga cepat lulus,0
585,aamiin terimakasih semuanyasemoga teman cepat nyusul moga urus lancar allahaamiin,0
586,habis maghrib yaa,0
587,warung kopi indomaret gum,0
588,bip studio foto,0
589,nama tau fungsi pakai sih,0
590,ruang nya,0
591,internet min alamat mana,0
592,mbak harga jtbln fasilitas air hangat kamar mandi televisi televisi kabel wifi meja tdr lemari,0
593,nya instagram,0
594,asa sesal kuliah asa merhatin ngerangkul pribadi hmm,0
595,pandu pladishare grup fb,0
596,sih nikah muda bahagia one of a million kayak temen ku hmm,0
597,teh dikpad kontak,0
598,rb kamar mandi kamar mandi rb,0
599,ikan tempe,0
600,nikah muda gagal nikah pacar eh putus alesannya sayang nyakitin pret jagain jodoh orang ah wkwk,0
601,tau ruang daya fpmipa bb,0
602,jam pagi jam umum,0
603,aduh ge pusing lamar nyari butuh,0
604,aigoo banget chatnyaa lihat hp hehehe,0
605,air asa lancar besok ku papa yah,0
606,ajakin soekarno hatta nama makan eatboss soekarno hatta wkwkw,0
607,spagetti kaldaluarsa yah,0
608,bawa daging rebus apa mentah tinggal tulang wkwk,0
609,besok telat jam jam ya mulai,0
610,delete ya nama pull sync masukin nama push,0
611,pasca,0
612,pt,0
613,wkwk restu jauh,0
614,enak euy bilang adik adik pvj nama,0
615,upi,0
616,pagi dua nama pakai grab nunggu nama siang,0
617,berangkt wkwk,0
618,rumah gara kulkas rusak suka nyetok sayur,0
619,foto tanggal juli selesai agustus,0
620,besoook,0
621,kumpul pon haris kerja sore pacar,0
622,mah pulang rumah ketemu ayah mama,0
623,mah tinggal jual marah alesannya duit diem langsung haha,0
624,bawa balon cokelat min nitip,0
625,nyari data dibutuhin tabel,0
626,geleh sendiiri lipstik merah wkkw dapet kasih,0
627,push updatenya template adminlte,0
628,senin kerja minggu tau bisangga,0
629,teh bawa celana jeans tua jilbab muda,0
630,alhamdulillah terimakasih yaaa luang,0
631,alhamdulillah puji syukur nikmat allah subhanahu wata ala nikmat hidup detik evaluasi sadar khilaf salah,0
632,alhamdullilah beres group silah silah manfaat group diskusi topik kait skripsigemastikkerjaan,0
633,andipublishercompobnibank mandiri,0
634,pagi pagi ya bjam an jakarta,0
635,nama text text essay nih murid guru si guru uji hasil uji murid dibandingin guru bener outputnya skor hasil uji,0
636,nama pakai db anomali nyesuain,0
637,nama tambah table daftar ulang ird master samain ya pakai data pasien sql,0
638,assalamualaikum akang teteh lupa ya carrier jam exhibition fpmipa bb love hayuu teh ditungguuu,0
639,assalamualaikum bu nama mhsi ilkom bimbing skripsi mohon maaf bu minggu kampus ap bu terima kasih,0
640,assalamualaikum putar mobcom sp kuliah pas sp trims,0
641,assalamualaikum mohon maaf remedial dwm hadir mohon maaf,0
642,assalamualaikum nama ilkom maaf ninggalin proposal meja printer terima kasih,0
643,assalamualaikum wr wb daftar uji pla tahap,0
644,assalamualaikum nama bantu,0
645,assalamualaikum tau file nilai fb,0
646,kampus nama tolong kirimin kunci pakai jne cenah ip,0
647,atuhlah tinggal nyaah gitulah gais bis,0
648,atulah teh ngidam sate maranggi puasa naha ka subang ngajakan ih,0
649,ayam paket isi ap,0
650,ayam menu buada ayam bakarkremes cabai hijau lada hitam asam manis rica rica baberque isi nasiayamlalapansambal tempe air mineral gelas bumaaf bu paket rb sd rb tau anggar ya,0
651,ayo nama semangat skripsi yaaah biar cepat lulus kerja cepat nikah wkwkwk,0
652,uji serah jilid nunggu uji sabar tuk sesuai waktupenguji,0
653,tarik gemastik diskusi,0
654,kamis kantor,0
655,besok bawa form nilai ya berkas,0
656,bal mah kudu atuh duit,0
657,ngeh chatnya maaf maaf,0
658,bebas nama tanggal libur pajuin kamis sabtu,0
659,bebas senin tuju kebapain program,0
660,beli es kelapa d besto teh,0
661,de kagi nyoba kejar,0
662,uji pa insya allah siang kampus mudah pa eka nya,0
663,bentar gik buru buru nitip kontrak ipc,0
664,palasari nya habis langsung gik,0
665,besok kasihin softfilenya tidak-apa-apa,0
666,besok dwm ya praktikum weka bawa laptop,0
667,besok jam berapaa ih kali skip,0
668,besok kantor tunggu jam ya,0
669,besok kampus,0
670,besok rapat dinas selasa ya,0
671,besok siang ya jam,0
672,besok yuk jam bih jam,0
673,beu atuh nunggu pulang ppl,0
674,biar rapih mad controllernya gabung bikin fungsi,0
675,biasana sih nama jam kampus,0
676,subang ya weekend,0
677,mah stasiun teh lewatin rel nama,0
678,bimbing nama da,0
679,bebas nama tanggal libur pajuin kamis sabtu,0
680,bubuka jam bu,0
681,rb acara bebek komar iti rb,0
682,turun cegah remedial siap asalasalan,0
683,bis enak bantuin beberes ato masak,0
684,cek min banget gedorin,0
685,beres sep bug,0
686,mad sore ketemu,0
687,sebentar pulang,0
688,sebentar sholat mel upinet kasih tau ya malas,0
689,duaduanya pen hardcover usaha tanda tangan,0
690,bu pindah berat kabarin bu terima kasih,0
691,install bawa installernya,0
692,alamat nya gang softball mana,0
693,nitip cokelat alhuda,0
694,ramen aa tidak-apa-apa jam ya,0
695,besok kumpul euy vote besok,0
696,ngomong ngomong magicomnya gais,0
697,bu maaf lupa jumat yakalau jumat buka jam bumau salat jumat dulumaaf upi ya,0
698,bu ketemu jica bu,0
699,mahasiswa,0
700,daging sapi bakar mana d pantai d rumah nama,0
701,capek sih da susah euy pikir teh,0
702,panggil na localhostsistemrumahsakitgerbangrawatdarurat,0
703,cari bekas murah riah kualiatasnya bagus,0
704,cerita bikin nang,0
705,coba prodi maaf lihatin jadwal sidang tulis suruh kumpul jam nuhun,0
706,coba teh kadang cewek mah overthink overreact,0
707,alquran pedoman orang iman,0
708,da apa publik dimasukin,0
709,da sebenernya makan indomie ge mah,0
710,pt gagas pt ixindo pt bima data pratama sma sukarnohatta sma purwakarta smk pagi sma swamedia kang,0
711,data pasien no medrec sdgkn daftar ulang pakai no register field isi daftar ulang beda tablenya beda,0
712,derr ya wacana kaka bunda,0
713,folder sql sql rawatdaruatsql tinggal sesuain we coba k ente jalanken urg mh jalan ngan load view mh error database soalna lieur gabungken database na,0
714,kfc belok setiabudi pom bensin colok sih,0
715,diagnosa pasien irj diagnosa,0
716,nama helmkuuuu,0
717,nama kosan yaaaaa,0
718,kirim nya disatuin,0
719,nama selesei machine learningnya,0
720,nama nomor ayu sms kl kosan yah,0
721,nama kosan yah lapor,0
722,nama controller view nya,0
723,nama database view controller js dropdown kota,0
724,nama pakai flash animasi pakai movie maker,0
725,nama kosan gaaa numpang dooong,0
726,nama mana tolong ss bisns proses nya,0
727,nama pt inti,0
728,nama maapin buka line,0
729,nama pergi kosan,0
730,nama note nama dinamic emil kembaliin nama gmana,0
731,nama bikin makalah daftar isi langsung gmana,0
732,namagraha desila kamar ltaquakembalian,0
733,lantai ya ruang skripsi,0
734,angka,0
735,mana kang hehe,0
736,doa ya besok lancar cepat jam malam,0
737,ciateul kekalapa frown,0
738,duh gusti hujan moga riung bocor yah gais,0
739,e gila namakuuu luluuus,0
740,edan edan nama moga keluarga samawa,0
741,eh instances deh diload,0
742,eh kosan nama maksud temen nama september,0
743,eh tau bagus,0
744,eh iyaa gais kado kasih yaa nama makasihh maaf salah minggu samarinda,0
745,eh brati makan kali yamalem sma besok pagi,0
746,eh jam pas malam habis mgrib takut pulang wk,0
747,emang bayar nama,0
748,enakaa ajaaa antar cowok yaa dijmput nama,0
749,tau sep kosan cek malam lihat,0
750,teh brgkt line teteh,0
751,eta mah data dokter maksud urg teh si pasien teh meren pariksa ku dokter saha,0
752,nama lembar kamrin anto bab parafrase kalimat copy paste,0
753,nama jalan besok habis jumat ketemu kanto situs servis nya akses,0
754,food teh maksud beras kang,0
755,ulang nya wkwk,0
756,gaaais menit nasabah btpn wkwk,0
757,gaaais nama nama nih biar rapih,0
758,temen mah,0
759,gaes gaes drakor gaes besok yawww,0
760,gais brgkt mati hp,0
761,gais besok kke kantor ya nyerahin lapor tanda tangan paedi hard jilid lupa ya source lapor cd,0
762,gais chat tolong baca paham biar ulg,0
763,gais upi unisba pakai angkot pulang pergi,0
764,gais pergi kantor tanggal bawa form nilai daftar hadir form bimbing sekalulian foto,0
765,gais bapa balas sms bapa balas sms teh tia bilang kantor tia bilang kantor,0
766,gais lapor bimbing bimbing lapang,0
767,gais tanyain pla ap pla selesai nilai kampus surat,0
768,gadiabsen telat lebib menit da kaya,0
769,takut emang tau kwkw,0
770,sih percaya dosa tanggung hehe nilai mobprog selesai silah cek,0
771,gampang da tampil,0
772,gara gara batman ulang,0
773,tau nuy suruh tunggu cenah bom diinvite apapa mah,0
774,tau bapa nya keburu jumat poko suruh ngumpul,0
775,geng jam respon yah,0
776,nuy hadap beliau,0
777,tidak-apa-apa kali beda beda sep,0
778,guys motor pergi kampus temenin ambil foto laaah unbearable,0
779,guys gabawa beras yaaa habis pasar beli berat banget bawa beras mohon lebih hehe,0
780,guys bandung studi foto gaaak,0
781,guys numpang promosi bis butuh jual macbook air layar inch ram gb ssd gb garansi sisa jual jarang pakai harga pm,0
782,guys ganti template nya,0
783,guys groupwherenya pakai github ya,0
784,habis pakai groupwhere biar cecer filenya,0
785,haha ayook bully adi ndut,0
786,hai akangteteh tau calon pimpin kemakom periode yuk simak visimisi,0
787,harga kisar rb nama,0
788,kamis masuk,0
789,hayu da gais kudu disurvey bis something wkwk,0
790,selamat ulang nama cepat sidang cepat wisuda yaaa aamiiiin,0
791,hehe sep ku jebol pakai solder jelek,0
792,hmm sebenernya eksekusi jquery kontrol sep coba cek jquery dicotroller klik button controller nyetak pdf,0
793,hmmm tiket batam duit gila,0
794,hubung wktnya,0
795,ibu bobok ttg daging daging presto,0
796,informasi gempa mag sr jun wib lok ls bt tenggara kepmentawaisumbar kedlmn bmkg,0
797,hujan malam ruang kamar kaya nyalain nunggu kering nyala moga ujannya renti,0
798,gorengin,0
799,beneran ngumpul nang jamaah,0
800,insyaaallah ikhlas mel asa bahas grup responnya,0
801,isi saldo nya grapari indomaret ato tf bca,0
802,pakai data dummy gampang mh,0
803,nama ap nur tokopedi bukalapak lumayan laa lengkap walopun kau jenis,0
804,teh sebenernya sakit sma orang nuy temu orang mah beda,0
805,tugas pentaho langsung presentasi pentaho nya,0
806,iya jam dinding rumah awet hadiah nikah,0
807,iya nama lab jarkom pas copy sql sigindo tea,0
808,iya ih ko sedih sih gtau bandung,0
809,iya ih maksimal bulan wkwkwk pindah,0
810,iya kosong agus september,0
811,iya file terkahir data pasien,0
812,iya kar dikosan nih numpang ap,0
813,iya singapur pakai dolar tea gening wkwk,0
814,iya lihat mock up nya maksud,0
815,iya put alat masak makan mah usahain,0
816,iya teh selasa bapa rabu berangkat,0
817,iya ya ratarata programmer hirenya pakai csps,0
818,iya butuh data teh data rj rd,0
819,iya kamera kecuali kamera lia taro situ,0
820,iyaaa makan bumbu biar bawa rumah irit hehehe,0
821,iyaaaa ayyuuuukk biar reuni orang fir,0
822,iya malam mahal suka jalan,0
823,meet upnyaa nih tema tema,0
824,kita cari sibuk ya biar pikir cowok melulu,0
825,malas banget pla asa beres wkwk pa rawosi masalah,0
826,barang pilih nyesuain budget pilih atas,0
827,ambil bulan desember kamar dua saudara,0
828,sok uang kas,0
829,jajar kantin kesana pengkol pokok kang tulisanya da,0
830,jam wid berangkat jam,0
831,jam berangkat teh,0
832,jam brpnya besok kabarin ngumpul sore yaaaa,0
833,agendain suka wkwkwk,0
834,kang singgung,0
835,januari mah ambil x minggu masuk minggu januari,0
836,januari pokok sapa mana libur fix aamiin,0
837,jemput poskamling cilimus dee,0
838,kpnnnih kantor ambil form lapor lapor lampir,0
839,nih murid guru si guru uji hasil uji murid dibandingin guru bener outputnya skor hasil uji,0
840,lupa malam malam ada,0
841,jemari jabat batin rindu ikhlas maaf pesan jemari silaturahmi mohon maaf lahir batin,0
842,poin sd tanggal poin kategori red laku poin sd des,0
843,ka lihat kosannya uts take home ka,0
844,ayam kremes cabai hijau tehkalau bakar rica rica kasih rb deh pakai box air gelas,0
845,agus september jamin kosong,0
846,gamepro uasnya materi praktek,0
847,gagal urg pindah haluan deh,0
848,bikin modelcontroller mending y,0
849,pertable emang rapih lapor sih mad bingung pertable kdgkan pakai didr table tuh mad,0
850,kalem diantapani uji intan hher,0
851,kali bimbing ngomongin,0
852,daun pepaya mah bungkus daun pakai pepaya put,0
853,ngasihinnya habis ashar tidak-apa-apa,0
854,sih tabel nama mnyesuaikan butuh,0
855,daftar prasidang,0
856,aqila tau deh,0
857,grup c jarang baca haha suka tinggal kabar berita,0
858,raditya dika tuh pandang orang ttg cinta ubah alami patah hati hebat haha,0
859,kep ribu mending nih tinggal duduk manis unpad du,0
860,masak bawa bahan rumah biar irit wkwk,0
861,besok kampus senin nama kampus nya,0
862,nonton mahal yah week end,0
863,pacar cowonya sayang guys biar ngebatin,0
864,pakai daging rebus enak dijadiin sate,0
865,satpam bilang ketemu,0
866,progres besok jam an kesini,0
867,bandungg,0
868,sibuk ngapain sana,0
869,yah ngajakin,0
870,bapak ngomong ya bilang ramai sibuk kampus yaa,0
871,tau ngeditnya haha,0
872,qaqa ngomong gituch,0
873,kang nama tuh menang milyar hahaha kemakom prestasi,0
874,kantin fip nama pus bntar sholat,0
875,si surabaya besok hati kamis kantor,0
876,kartu sim hasil ganti terima kasih,0
877,kasih norek belah tau hak untk udunan wkwk bilang bts trfr niat,0
878,kantor siang,0
879,kayak lihat undang prodi,0
880,kumpul yu puasa,0
881,kolam renang gymnas gik,0
882,stay pdg mah tinggal cuss meet up nya,0
883,ko ya parah banget jam kerja ngeroko biar dapet inspirasi meren ya,0
884,optimis yah,0
885,koreksi salah bis lupa bagus sih cobacoba mubazir dibalikin csv ya pakai transformasi,0
886,pulsalimit cukup dptkan informasi putar kartu tri via aplikasi bimatri,0
887,ku ratus nih tabung nama tabung nama cabut manaada,0
888,kumpul lab basdat biar bareng,0
889,kumpul makan daging resto d,0
890,tau sep periksa controllernya instansiasi new tcpdf lupa,0
891,gera sma si kaka dianterin enak,0
892,lebay meni mama teh bilang,0
893,lingkung kerja asap rokok ya ngevape coba cowok banyak,0
894,load controller construct mad kemarin coba paksa fungsi,0
895,maaaaaaaaf lupaaa hp nyala dadi pagi pulang kosan maaf pisaaaan,0
896,maaf aktif paket flash nomor daftar,0
897,maaf bu jam ya ketemu buatau bgmana baik,0
898,maaf bu pesan bebek ayam ya,0
899,maaf kaprodi yah hehe,0
900,maaf kunci masuk salah informasi hubung telepon center,0
901,maaf pesan kirim sila coba terimakasih,0
902,maaf pulsa beli paket flash pilih silah isi ulang pulsa,0
903,maafin ya guys huhuhu,0
904,mah mel kosan dila habis kerja kelompok pegat hujan,0
905,tibatiba layar hitam diapain jatuh,0
906,terimakasih gais doa juang ya,0
907,terimakasih semuanyaaa mohon doa yaaa,0
908,malam jam nanggung banget maghrib haha,0
909,duduk pulang terkadang tau dblkg hdr wkwk,0
910,mandi selesei isya bobo,0
911,masak dikosan makan orek buat min,0
912,ikut gaaaa wkwkwkwk,0
913,salah sebenernya,0
914,sungai diil,0
915,mati services antivirus lain,0
916,kirim foto selempang makasihhh,0
917,gojek driver kaya bawa,0
918,nitip gerlong,0
919,dibawain kacamata jam,0
920,sunday slainya,0
921,baik bug ganti db enak nonton ditelfon,0
922,merica jeruk nipis ajaa,0
923,periksa nama id view sep,0
924,min informasi kosan bulan share ya,0
925,min mana ambil sertifikat kompas hihu,0
926,mal aidzin walfaidin mohon maaf lahir batin ya akang teteh,0
927,minggu lembang git hari ngubek bandung,0
928,email github nya,0
929,mohon maaf lahir batin ipa,0
930,mohon maaf malam konfirmasi remedial nilai remedial,0
931,ulang nya wkwk,0
932,mudah ya dil besok coba telkom doa yah tear,0
933,mul snack teteh kasih rafael ya,0
934,aa nya tau kl wajah nama beda pas gaya up,0
935,murah nuy angkot rebu nongkrong macet,0
936,kelapa ledeng turun ciateul terminal banget kalapa dayeuh kolot turun kantor banget,0
937,nama table table pasien irj ganti data pasien lupa,0
938,push ya kuota modem habis,0
939,siaraan diil,0
940,pulang wisuda langsung kesana awas telat telat pulang,0
941,sync github dekstop nya,0
942,ngajak wida tuh beliau habis seminar hihip,0
943,nikah proses put kadang atas kadang bawah enak enak wkwkwkwk,0
944,nomor otp telkomsel,0
945,kirim taut nya,0
946,numpang teduh wkwk tuju,0
947,numpang promo yah tau minat lihat instagram nya,0
948,nama nama transfer maacih nur,0
949,nama tes ngoding upi net pakai motor motor banget,0
950,nya sore we atuh gi pagi siang weekend nya,0
951,oh oke de isi deposit transfer mana,0
952,oh oke langsung kesana pasti buka jam bebek komar dt,0
953,oh pantesan tau langsung foto pusat put,0
954,oh berangkat kaya koneksi,0
955,oh yah haha bingung tinggal chat,0
956,oh lurah lain data pasien butuh oge,0
957,oiya ya nama ih begitusayang banget tabung,0
958,ok lihat hadir nilai,0
959,ok kabarin yah nomor m blokir paket data smsin asmul ya free wife,0
960,ok data dummy diagnosa pasien ya maaf terimakasih,0
961,okayyy siang jam an hehe kemanamana,0
962,oke deh emang ngumpul sih,0
963,oke nama beres bimbing kesana,0
964,oke gais reda hujan dtggu ya,0
965,oke dp,0
966,oke senin deh ya kantor sms bapa lapor nyusul lapor lampir revisi uji,0
967,oke bentar salat,0
968,okeee telor butuh segimana,0
969,okeyyy malam ya bahas aja bawa,0
970,oo dit,0
971,ooh iya controler ku model,0
972,ouhhh ya besok chat pergi kampus,0
973,ouhhh ngedeteksi dil output nya,0
974,aktif si tombol algoritma nya teh ngerti,0
975,pergi kampus jamber gais,0
976,kesana nama,0
977,pagi bu nama bebek komar bu pesan besok bumenu pesan ya budiantar yanuhun,0
978,nama titip pesan jumat pagi kumpul bapa tolong bareng bujuk nama kuliah,0
979,porsi ya,0
980,pesan nasi goreng spesial bungkus graha desilla kamar,0
981,nilai remed ambil nilai nya remed nya,0
982,pakai bingung,0
983,indeks nilai bb diturunin kemaren lihat nilai bb turun bb nilai pakai,0
984,mk nama kontrak data mining kode ik dwm penginputan nilai terimakasih,0
985,pakai kamera nama kamera nama handy cam prodi,0
986,paket sore dadak habis,0
987,ikhlas nyumbang mangga mangga,0
988,pas ngomong langsung diem ya nuy kikuk diomongin,0
989,pas sma kuliah orang tua x pulang kampung,0
990,paspor panjang bayar nya nuy,0
991,patah hati level quotes put,0
992,pakai internet capai batasfupkecepatan disesuaikanlebih eks dgninternetgaul bulan rupiah informasi,0
993,guna penuh pakai pulsa minimum aktif kartu panjang aktif,0
994,penuh nama si nama nyari penuh,0
995,pergi kelapa turun pasar bunga wastukencana caringinsadang serang jalan,0
996,minta proses paket internet nonaktif laku tariff dasar internet,0
997,siap dokumen draftnya ambil ruang slide presentasi tuk uji,0
998,usaha tau,0
999,pesan nama assalamualaikum wrwb indonesia android kejar bekerjasama depilkom ada latih android level intermediate slot orang syarat app android ngebuild android studio barang kali kelas minat nuhuno ya latih sabtu besok april sabtu temu tempat lab praktikum,0
1000,pesan mohon transfer rupiah bni account jun mohon periksa email informasi,0
1001,pilih hemat jt lulus oct nanggung,0
1002,pulang hormat paket mbak kena tarif non paketaktifkan paket flash,0
1003,poko push bilang usahain bis bareng push nya push pull,0
1004,pulang nya jam kecewa,0
1005,maaf kontak teh lulu nuhuun,0
1006,pusat situ bandung pasir koja cmn bangun bangun interview toko nya toko bangun,0
1007,nama gedung manunggal tridaya pucakti pusenkav teh wkwk,0
1008,nama hunting kosan bentar mana,0
1009,sidang depaaan mel jahaaat pisaaan,0
1010,registrasi gagal harap masuk tanggal format ddmmyyyy,0
1011,route nya mati akses project masingmasing tembak,0
1012,rumah gais pagar garasi pagar orang tutup rumput liar hehehehe,0
1013,baik cari pasang tuh pas kuliah sih enak tempat kerja,0
1014,salam jepret karet gelang hihip,0
1015,ingetin ya situs nya publish develop tuh situs nya nama jurus,0
1016,situs pakai dapet komisi tuh ciprat hehe da apa meren ciprat hapapa seengganya situs nya,0
1017,pakooh lapor ko bumiputera edit nomor nya post,0
1018,opsi nabung nilai kontrak semester nilai masuk semester,0
1019,tanda tangan nama duluan nyusul,0
1020,brsik cuti bati kantor har rabu,0
1021,seri pagi harap lihat teman sebab nilai pagi jeblok kemarin batas ruang pakai,0
1022,izin undur penting mangga japri terima kasih middle eastern wanita,0
1023,kota sd jumat senin tanggal pagi jam gabung gameprog,0
1024,maaf apaapa buat maaf lisan jaga maaf perilaku maaf salah sadar sadar,0
1025,simpul debat cupu ilmu nya pertanggungjawaban pasca teliti moal pegang sayang ortu kampus lulus cepat,0
1026,nunggu beliau pakbeliau ngobrol client,0
1027,scroll up down olshop nama,0
1028,sebenernya nama bulan tau kasih izin bayar jt,0
1029,segan baa ko wqwq hai gila kurus banget diii,0
1030,alur rawat inap lab radiologi obat ngolah,0
1031,libur malaysia wkwk,0
1032,cetak rundown dkrm email nama nuhun dtgu d prodi cepat menit,0
1033,ide gabung device hp sumber sensor deteksi longsor gempa kait trend iot internet of thing silah tarik,0
1034,selamat pagi data table butuh email email msk,0
1035,selamat siang reservasi bandros orang,0
1036,selamat sore besok kantor jam,0
1037,selamat sore teh nama nyari kosan bulan kosong teh sana terima kasih,0
1038,selamat tcash tap aktif sn tanggal informasi,0
1039,selamat ulang moga umur sehat,0
1040,selamat teman wisuda moga berkah ilmu lancar urus depan sukses,0
1041,selamat nama moga tempuh hidup bahagia senang,0
1042,selamat guys lulus bareng hibur,0
1043,selamat guys nikah bareng kebaperan naonaridyah,0
1044,selisih sesuai janji sbelumhya nilai batas cek hadir ya habis turun,0
1045,semangat gita putri adison esok moga baik aamiin,0
1046,semangat bunga titipin ya eh bunga makan wid,0
1047,semaumaunya orang jodoh segelehgelehnya nikah kalo jodoh,0
1048,moga allah,0
1049,moga cepat sembuh,0
1050,masuk database sindo real,0
1051,senin mah lepas brngktnya selasa egi senin berangktnya,0
1052,sep pull direpository git msk ya,0
1053,sepupu masuk kuliah,0
1054,setting ponsel kirim masuk pin terimakasih,0
1055,setting kirim ponsel ikut tunjuk selesai setting internet kirim fotmms,0
1056,silah berkas dambil ruang,0
1057,silah besok tidak-apa-apa nyusul lapor bapak ngehubungin,0
1058,silah tebak umur,0
1059,multiple choice essay weka masuk essay file kumpul,0
1060,ujug dtng nya bilang bimbing balas wa ya biar estimasi,0
1061,bapa lihat database,0
1062,fitutnya lengkap,0
1063,,0
1064,sok bebas besok hayu jumat oke,0
1065,struktur data pla skripsi sidang,0
1066,subuh habis maghrib teh ahaha,0
1067,email cantum direct taut email file google drive download,0
1068,sundae min sirup kiwi pakai cochochips,0
1069,cepat tolong posisi duduk atur jarak kolom kosong selang selling,0
1070,temu beliau pa beliau uji bisanga besok pa,0
1071,daging kurban mentah,0
1072,kuliah sp kuliah praktikum,0
1073,masukin data pasien,0
1074,taqoballahu minna waminkum selamatmenyambutkemenangan,0
1075,teh ketemu,0
1076,teh maaf teteh sibuk tidak-apa-apa bayar besok pas kirim,0
1077,temen ya undang grup,0
1078,terima kasih konfirmasi order proses,0
1079,terimakasih isi ulang sn nila,0
1080,terimakasih daftar langgan tcash,0
1081,terimakasih paket mbak aktif cek bonus katalog poin lengkap tselmetelkomselpoin sk laku,0
1082,lepas laku nya ambil sisi guru nya tarik banget,0
1083,format beranta odp google sheet rapi besok subuh harap cek ya,0
1084,tersrrah pagi pa,0
1085,masuk suka pagi siang kadang siang sore sananha,0
1086,tes toefl balai weekend,0
1087,kali dil april juli okt,0
1088,nama pus nama yuk kesini tika tugu pus ya,0
1089,nama kelompok sistem ajar bahasa jepang ajaa,0
1090,nama kemaren kamera handycam msceis pakai kamera,0
1091,topup pulsa rupiah hasil via transfer atm bni kode trx pulsa rupiah terima kasih indosat ooredoo,0
1092,tarik sih usaha orang it nya,0
1093,lucu bayang pacar teh hahahaha,0
1094,tau teori sih da rasa rumit,0
1095,ya temen mah halang hdr hihi,0
1096,ya,0
1097,mmber mh murah dil,0
1098,travelokacom your eticket summary xpress xnpdgbdodzzzz total passengers,0
1099,tunggu lobi ya,0
1100,aa aa sih makan mah cewek lupa ih muka nginget wajah hahaha,0
1101,benerin sync backup filenya sync push file,0
1102,resin lampu depan mati kl salah,0
1103,bimbing,0
1104,teh bapa besok kantor balas jamber,0
1105,nama bilang kaka pas instal ulang gagal ngeformat c nya error data c nya format pas nyoba instal windows nya muncul error error code x rusak harddisk nya,0
1106,ayam bakar rica rica,0
1107,dwm klasifikasi algoritma dasar random forest akurasi model data test data kemarin uas prediksi akurasi mhs akurasi nilai maksimal point akurasi tinggi oleh nama,0
1108,kontrak game prog dwm jadwal gemastik kompetisi besar prodi ilkomif peluang bidang,0
1109,urang mah kaya jumat jam an pa lala bentar,0
1110,usul anak sospol minat turun deh ajar ttg,0
1111,waaah keren kang,0
1112,waalaikumsalam jumat ya,0
1113,waalaikumsalamin bantu min,0
1114,iya dyhaha sabar banget anak teh we gtau ngomong,0
1115,mantapok ngomong ngomong ngecc perihal sponsor ya osnnya moga baik kemakom,0
1116,repot asumsi kadang ganti kelompok biasa dokumen nama klau print periksa offline bingung masuk nama satu,0
1117,malas sep hihi rapih,0
1118,wid pulang ketemu brgkt jam hehe,0
1119,wihh nyimper koper mana motor gigi,0
1120,wisuda jumat,0
1121,wkwk tumben kar kar warna,0
1122,wooh nikah lulus langsung diiket,0
1123,ya ampuun jendral wk,0
1124,ya masuk tugasquiz kejar materi lokasi aware app temu masuk sensor,0
1125,ya model diload dicontroler,0
1126,yah dikostan temen dil hihi,0
1127,yahh ya urgent wkwk,0
1128,luang besok futsal ya jam sampoerna s telat,0
1129,sinonim,0
1130,ya babakaran atuh pakai kompor ribet nyalain arengnya,0
1131,ya mah eta harddisk laptop keluar dijadiin harddisk external cari temen case nya data copyin laptop,0
1132,ya data dummy diagnosa pasien,0
1133,butuh kosan bulan langsung ditempatin lokasi gang samping gokana setiabudi khusus cewek jam bebas bersih fasilitas kasur lemari kunci pegang harga hubung id line titaniadbl,0
1134,dian ge yudisium sore dibarengin nondik jam yudisium teh,0
1135,pergi kampus titip bawain skl prodi,0
1136,ragu buletdatar ikut debat kusir v,0
1137,belah warung tegal bahri seberang,0
1138,yooo oke umumin grup kelas,0
1139,nulis kerudung kirain warna jins,0
1140,mbak kirim ya,0
1141,nama beaok bwrangkat pagimau cas atay tranfer,0
1142,nomor bri nama,0
